{
  "version": 1,
  "serviceConfiguration": {
    "apiName": "GestorDeTareas",
    "serviceName": "AppSync",
    "defaultAuthType": {
      "mode": "API_KEY",
      "keyDescription": "api key description",
      "expirationTime": 30
    },
    "additionalAuthTypes": [
      {
        "mode": "AWS_IAM"
      }
    ],
    "conflictResolution": {
      "defaultResolutionStrategy": {
        "type": "AUTOMERGE"
      },
      "perModelResolutionStrategy": [
        {
          "resolutionStrategy": {
            "type": "AUTOMERGE"
          },
          "entityName": "Tarea"
        },
        {
          "resolutionStrategy": {
            "type": "AUTOMERGE"
          },
          "entityName": "Usuario"
        }
      ]
    }
  }
}