{
    "Version": 5,
    "ElasticsearchWarning": true,
    "ResolverConfig": {
        "project": {
            "ConflictHandler": "AUTOMERGE",
            "ConflictDetection": "VERSION"
        },
        "models": {
            "Tarea": {
                "ConflictHandler": "AUTOMERGE",
                "ConflictDetection": "VERSION"
            },
            "Usuario": {
                "ConflictHandler": "AUTOMERGE",
                "ConflictDetection": "VERSION"
            }
        }
    }
}