{
  "providers": {
    "awscloudformation": {
      "AuthRoleName": "amplify-gestordetareas-staging-192331-authRole",
      "UnauthRoleArn": "arn:aws:iam::703934590828:role/amplify-gestordetareas-staging-192331-unauthRole",
      "AuthRoleArn": "arn:aws:iam::703934590828:role/amplify-gestordetareas-staging-192331-authRole",
      "Region": "eu-north-1",
      "DeploymentBucketName": "amplify-gestordetareas-staging-192331-deployment",
      "UnauthRoleName": "amplify-gestordetareas-staging-192331-unauthRole",
      "StackName": "amplify-gestordetareas-staging-192331",
      "StackId": "arn:aws:cloudformation:eu-north-1:703934590828:stack/amplify-gestordetareas-staging-192331/11469940-b637-11ee-ae6f-06a9ab6cb344",
      "AmplifyAppId": "d35dw1qfulchym"
    }
  },
  "api": {
    "GestorDeTareas": {
      "dependsOn": [],
      "output": {
        "authConfig": {
          "additionalAuthenticationProviders": [
            {
              "authenticationType": "AWS_IAM"
            }
          ],
          "defaultAuthentication": {
            "apiKeyConfig": {
              "apiKeyExpirationDays": 30,
              "description": "api key description"
            },
            "authenticationType": "API_KEY"
          }
        },
        "GraphQLAPIIdOutput": "binxnv47kbf7dguct2uoabdkb4",
        "GraphQLAPIEndpointOutput": "https://5sv235ijxrcezftt2e2t263sr4.appsync-api.eu-north-1.amazonaws.com/graphql",
        "GraphQLAPIKeyOutput": "da2-tcwanrtlnvbuvokfdtjlhb5ami"
      },
      "providerPlugin": "awscloudformation",
      "service": "AppSync",
      "lastPushTimeStamp": "2024-01-18T21:37:56.907Z",
      "providerMetadata": {
        "s3TemplateURL": "https://s3.amazonaws.com/amplify-gestordetareas-staging-192331-deployment/amplify-cfn-templates/api/cloudformation-template.json",
        "logicalId": "apiGestorDeTareas"
      },
      "lastPushDirHash": "xB9pQ32gpBQVAXlfGudx4bpj4Qg="
    }
  },
  "auth": {
    "GestorDeTareas": {
      "service": "Cognito",
      "providerPlugin": "awscloudformation",
      "dependsOn": [],
      "customAuth": false,
      "frontendAuthConfig": {
        "socialProviders": [],
        "usernameAttributes": [
          "EMAIL"
        ],
        "signupAttributes": [],
        "passwordProtectionSettings": {
          "passwordPolicyMinLength": 8,
          "passwordPolicyCharacters": [
            "REQUIRES_LOWERCASE",
            "REQUIRES_NUMBERS",
            "REQUIRES_SYMBOLS",
            "REQUIRES_UPPERCASE"
          ]
        },
        "mfaConfiguration": "OFF",
        "mfaTypes": [
          "SMS"
        ],
        "verificationMechanisms": [
          "EMAIL"
        ]
      },
      "providerMetadata": {
        "s3TemplateURL": "https://s3.amazonaws.com/amplify-gestordetareas-staging-192331-deployment/amplify-cfn-templates/auth/GestorDeTareas-cloudformation-template.json",
        "logicalId": "authGestorDeTareas"
      },
      "lastPushTimeStamp": "2024-01-18T21:37:54.625Z",
      "output": {
        "UserPoolId": "eu-north-1_wJPm1lYkj",
        "AppClientIDWeb": "2gtke1g0m6jn0qurstn744ada5",
        "AppClientID": "5eigsv06fj4avu5jh5m10h49i6",
        "IdentityPoolId": "eu-north-1:cd1d96a9-2bfe-4f76-b112-7648a5df8a2e",
        "UserPoolArn": "arn:aws:cognito-idp:eu-north-1:703934590828:userpool/eu-north-1_wJPm1lYkj",
        "IdentityPoolName": "testAuthIdentityPool__staging",
        "UserPoolName": "GestorDeTareas"
      },
      "lastPushDirHash": "zl4Tfk01uJaV/WoaqiaLlruvGqk="
    }
  }
}